{"cameraMode":{"drawMode":0,"name":"Shaded","section":"Shading Mode"},"sceneLighting":true,"audioPlay":false,"sceneViewState":{"showFog":true,"showMaterialUpdate":true,"showSkybox":true,"showFlares":true,"showImageEffects":true,"showParticleSystems":true},"in2DMode":false,"pivot":{"x":0.00023546814918518066,"y":-1.0497287511825562,"z":-0.05475425720214844},"rotation":{"x":0.2774927020072937,"y":-0.14201168715953828,"z":0.04151345044374466,"w":0.9492694139480591},"size":7.703343391418457,"orthographic":false}