{"cameraMode":{"drawMode":0,"name":"Shaded","section":"Shading Mode"},"sceneLighting":true,"audioPlay":false,"sceneViewState":{"showFog":false,"showMaterialUpdate":false,"showSkybox":false,"showFlares":false,"showImageEffects":false,"showParticleSystems":false},"in2DMode":false,"pivot":{"x":0.1092492863535881,"y":0.15079721808433534,"z":0.994209885597229},"rotation":{"x":0.11641149967908859,"y":-0.02412295714020729,"z":0.0028219074010849,"w":0.9929152131080627},"size":2.9872264862060549,"orthographic":false}