{"cameraMode":{"drawMode":0,"name":"Shaded","section":"Shading Mode"},"sceneLighting":false,"audioPlay":false,"sceneViewState":{"showFog":false,"showMaterialUpdate":false,"showSkybox":false,"showFlares":false,"showImageEffects":false,"showParticleSystems":false},"in2DMode":false,"pivot":{"x":0.0,"y":-0.010604139417409897,"z":-0.04239480197429657},"rotation":{"x":-0.15874089300632478,"y":0.1419326812028885,"z":-0.023058127611875535,"w":-0.9768155217170715},"size":0.4303887188434601,"orthographic":false}