{"cameraMode":{"drawMode":0,"name":"Shaded","section":"Shading Mode"},"sceneLighting":false,"audioPlay":false,"sceneViewState":{"showFog":true,"showMaterialUpdate":true,"showSkybox":false,"showFlares":true,"showImageEffects":true,"showParticleSystems":true},"in2DMode":false,"pivot":{"x":0.4372354745864868,"y":-1.3947290182113648,"z":-0.5027543306350708},"rotation":{"x":-0.37759503722190859,"y":-0.021667156368494035,"z":0.008838406763970852,"w":-0.925674557685852},"size":4.752867698669434,"orthographic":false}