{"cameraMode":{"drawMode":0,"name":"Shaded","section":"Shading Mode"},"sceneLighting":false,"audioPlay":false,"sceneViewState":{"showFog":true,"showMaterialUpdate":true,"showSkybox":false,"showFlares":true,"showImageEffects":true,"showParticleSystems":true},"in2DMode":false,"pivot":{"x":-0.027000000700354577,"y":-0.2980000078678131,"z":-0.47200000286102297},"rotation":{"x":0.29634612798690798,"y":-0.002168172039091587,"z":0.0009366052108816803,"w":0.9551247954368591},"size":22.0,"orthographic":false}