{"cameraMode":{"drawMode":0,"name":"Shaded","section":"Shading Mode"},"sceneLighting":false,"audioPlay":false,"sceneViewState":{"showFog":true,"showMaterialUpdate":false,"showSkybox":false,"showFlares":true,"showImageEffects":true,"showParticleSystems":true},"in2DMode":false,"pivot":{"x":20.204647064208986,"y":1.3794876337051392,"z":5.477704048156738},"rotation":{"x":-0.10822232067584992,"y":0.22403596341609956,"z":-0.025037091225385667,"w":-0.9682368636131287},"size":3318459.5,"orthographic":false}