{"cameraMode":{"drawMode":0,"name":"Shaded","section":"Shading Mode"},"sceneLighting":false,"audioPlay":false,"sceneViewState":{"showFog":true,"showMaterialUpdate":false,"showSkybox":true,"showFlares":true,"showImageEffects":true,"showParticleSystems":true},"in2DMode":false,"pivot":{"x":-0.06301605701446533,"y":-0.12404358386993408,"z":0.5786293148994446},"rotation":{"x":0.21511217951774598,"y":0.17642328143119813,"z":-0.03954385593533516,"w":0.9597092270851135},"size":2.4709885120391847,"orthographic":false}